{"cameraMode":{"drawMode":0,"name":"Shaded","section":"Shading Mode"},"sceneLighting":true,"audioPlay":false,"sceneViewState":{"m_AlwaysRefresh":false,"showFog":true,"showSkybox":true,"showFlares":true,"showImageEffects":true,"showParticleSystems":true,"showVisualEffectGraphs":true,"m_FxEnabled":true},"in2DMode":false,"pivot":{"x":1230.6314697265625,"y":736.5376586914063,"z":43.268768310546878},"rotation":{"x":0.043429769575595859,"y":0.050929516553878787,"z":-0.002216818742454052,"w":0.9977556467056274},"size":1266.919677734375,"orthographic":true}