{"cameraMode":{"drawMode":0,"name":"Shaded","section":"Shading Mode"},"sceneLighting":true,"audioPlay":false,"sceneViewState":{"m_AlwaysRefresh":false,"showFog":true,"showSkybox":true,"showFlares":true,"showImageEffects":true,"showParticleSystems":true,"showVisualEffectGraphs":true,"m_FxEnabled":true},"in2DMode":false,"pivot":{"x":2184.45361328125,"y":360.6793518066406,"z":-8.36932373046875},"rotation":{"x":0.013499574735760689,"y":-0.001499862759374082,"z":0.00002024937748501543,"w":0.9999077320098877},"size":681.4285278320313,"orthographic":true}