{"cameraMode":{"drawMode":0,"name":"Shaded","section":"Shading Mode"},"sceneLighting":true,"audioPlay":false,"sceneViewState":{"m_AlwaysRefresh":false,"showFog":true,"showSkybox":true,"showFlares":true,"showImageEffects":true,"showParticleSystems":true,"showVisualEffectGraphs":true,"m_FxEnabled":true},"in2DMode":false,"pivot":{"x":4.408946514129639,"y":0.9290165901184082,"z":0.5085607171058655},"rotation":{"x":-0.06595181673765183,"y":-0.0029934656340628864,"z":-0.00019785604672506452,"w":0.9978184103965759},"size":0.8660253882408142,"orthographic":true}