{"cameraMode":{"drawMode":0,"name":"Shaded","section":"Shading Mode"},"sceneLighting":true,"audioPlay":false,"sceneViewState":{"m_AlwaysRefresh":false,"showFog":true,"showSkybox":true,"showFlares":true,"showImageEffects":true,"showParticleSystems":true,"showVisualEffectGraphs":true,"m_FxEnabled":true},"in2DMode":false,"pivot":{"x":-14.079922676086426,"y":-28.2125244140625,"z":0.9043807983398438},"rotation":{"x":-0.002067526336759329,"y":0.8703789710998535,"z":-0.4923649728298187,"w":-0.0036547339987009765},"size":70.16795349121094,"orthographic":false}